name,datetime,tempmax,tempmin,temp,feelslikemax,feelslikemin,feelslike,dew,humidity,precip,precipprob,precipcover,preciptype,snow,snowdepth,windgust,windspeed,winddir,sealevelpressure,cloudcover,visibility,solarradiation,solarenergy,uvindex,severerisk,sunrise,sunset,moonphase,conditions,description,icon,stations
amsterdam,2023-01-01,14,10.3,12,14,10.3,12,8.5,79.2,7.659,100,33.33,rain,0,0,70.6,45.2,213.9,1010.4,99.7,24,19.3,1.7,1,10,2023-01-01T08:50:32,2023-01-01T16:37:21,0.31,"Rain, Overcast",Cloudy skies throughout the day with rain.,rain,"06260099999,D3248,06348099999,06249099999,06240099999,C0449,06269099999,06257099999"
amsterdam,2023-01-02,11.1,4.8,8.7,11.1,2.4,6.7,7.4,91.7,5.107,100,45.83,rain,0,0,36.6,27.3,238.1,1014.7,79.2,26.2,10.5,0.8,1,10,2023-01-02T08:50:24,2023-01-02T16:38:26,0.35,"Rain, Partially cloudy",Partly cloudy throughout the day with a chance of rain throughout the day.,rain,"06260099999,D3248,06249099999,06240099999,C0449,06269099999,06257099999"
amsterdam,2023-01-03,9.4,1.6,5.8,5.3,-1.4,2.6,4.4,91.4,0.289,100,12.5,rain,0,0,49.4,37.5,182.5,1023.7,81.4,20.3,7.2,0.5,0,10,2023-01-03T08:50:12,2023-01-03T16:39:35,0.38,"Rain, Partially cloudy",Partly cloudy throughout the day with morning rain.,rain,"06260099999,D3248,06249099999,06240099999,C0449,06269099999,06257099999"
amsterdam,2023-01-04,12.6,8.9,11.3,12.6,4.7,10.8,9.6,89.3,11.053,100,54.17,rain,0,0,73.6,50.2,230.9,1012.8,100,12.1,6,0.5,0,10,2023-01-04T08:49:57,2023-01-04T16:40:46,0.41,"Rain, Overcast",Cloudy skies throughout the day with a chance of rain throughout the day.,rain,"06260099999,D3248,06249099999,06240099999,C0449,06269099999,06257099999"
amsterdam,2023-01-05,11.2,9.8,10.4,11.2,7.6,10.2,8.6,88.7,0.83,100,29.17,rain,0,0,53.8,38.6,247.1,1017.6,94.4,10.3,22.3,1.9,3,10,2023-01-05T08:49:38,2023-01-05T16:41:59,0.45,"Rain, Overcast",Cloudy skies throughout the day with a chance of rain throughout the day.,rain,"06260099999,D3248,06249099999,06240099999,C0449,06269099999,06257099999"
amsterdam,2023-01-06,10.9,8.4,9.9,10.9,6.1,8.6,7.8,87,0.941,100,29.17,rain,0,0,54.9,37.5,219.9,1015.4,89,27.9,21.8,1.7,1,10,2023-01-06T08:49:16,2023-01-06T16:43:16,0.48,"Rain, Partially cloudy",Partly cloudy throughout the day with a chance of rain throughout the day.,rain,"06260099999,D3248,06249099999,06240099999,C0449,06269099999,06257099999"
amsterdam,2023-01-07,11.2,9.1,10.3,11.2,5.3,9.5,7.8,84.6,0.93,100,33.33,rain,0,0,49.8,37.2,181.2,1008,100,35,23.5,2.1,2,10,2023-01-07T08:48:51,2023-01-07T16:44:34,0.5,"Rain, Overcast",Cloudy skies throughout the day with a chance of rain throughout the day.,rain,"06260099999,D3248,06249099999,06240099999,C0449,06257099999"
amsterdam,2023-01-08,10.1,6.7,8.4,10.1,3.2,5.2,5.5,82.1,2.346,100,16.67,rain,0,0,51.6,31,187.2,997.9,66,38.3,25.1,2,1,10,2023-01-08T08:48:22,2023-01-08T16:45:55,0.55,"Rain, Partially cloudy",Partly cloudy throughout the day with rain.,rain,"06260099999,D3248,06249099999,06240099999,C0449,06269099999,06257099999"
amsterdam,2023-01-09,8.4,5.7,7.1,5.1,1.7,3.7,5.1,87.3,2.343,100,54.17,rain,0,0,41.6,30.3,242.2,997.5,87,25.9,12.8,1,1,10,2023-01-09T08:47:50,2023-01-09T16:47:19,0.58,"Rain, Partially cloudy",Partly cloudy throughout the day with a chance of rain throughout the day.,rain,"06260099999,D3248,06249099999,06240099999,C0449,06269099999,06257099999"
amsterdam,2023-01-10,10,5.9,7.2,10,1.3,3.6,5.4,88.6,7.184,100,50,rain,0,0,54,38.9,199.9,1011.4,94.5,13.1,10.2,0.9,1,10,2023-01-10T08:47:14,2023-01-10T16:48:44,0.62,"Rain, Overcast",Cloudy skies throughout the day with a chance of rain throughout the day.,rain,"06260099999,D3248,06249099999,06240099999,C0449,06269099999,06257099999"
amsterdam,2023-01-11,11.5,8.7,9.9,11.5,4.3,7.4,7.6,86.1,2.938,100,33.33,rain,0,0,57.5,42.5,228.5,1007.1,79.3,14.6,23.6,2,2,10,2023-01-11T08:46:36,2023-01-11T16:50:12,0.65,"Rain, Partially cloudy",Partly cloudy throughout the day with rain.,rain,"06260099999,D3248,06249099999,06240099999,C0449,06269099999,06257099999"
amsterdam,2023-01-12,11.5,9.1,10.5,11.5,4.5,9.3,9,90.8,16.571,100,95.83,rain,0,0,74,48.7,230.8,1002.7,96.4,10.2,7.7,0.6,1,10,2023-01-12T08:45:54,2023-01-12T16:51:42,0.68,"Rain, Overcast",Cloudy skies throughout the day with a chance of rain throughout the day.,rain,"06260099999,D3248,06348099999,06249099999,06240099999,C0449,06269099999,06257099999"
amsterdam,2023-01-13,9.5,8.4,9,5.6,3.7,4.8,4.9,75.5,1.145,100,37.5,rain,0,0,71.1,45.6,244,1004.8,89,17.5,11.5,1,1,10,2023-01-13T08:45:09,2023-01-13T16:53:13,0.72,"Rain, Partially cloudy",Partly cloudy throughout the day with rain.,rain,"06260099999,D3248,06249099999,06240099999,C0449,06269099999,06257099999"
amsterdam,2023-01-14,11,5.9,8.2,11,1.7,5.4,6.4,88.8,13.577,100,66.67,rain,0,0,66.7,44.7,216.5,1002.4,99.9,13.2,4.1,0.3,0,10,2023-01-14T08:44:21,2023-01-14T16:54:47,0.75,"Rain, Overcast",Cloudy skies throughout the day with a chance of rain throughout the day.,rain,"06260099999,D3248,06249099999,06240099999,C0449,06269099999,06257099999"
amsterdam,2023-01-15,7.8,4.1,6.6,3.6,0,2,2.6,75.9,5.988,100,45.83,rain,0,0,72,50.5,239,996.8,83.5,26.5,12.2,1,1,10,2023-01-15T08:43:30,2023-01-15T16:56:22,0.75,"Rain, Partially cloudy",Partly cloudy throughout the day with a chance of rain throughout the day.,rain,"06260099999,D3248,E5029,06249099999,06240099999,C0449,06269099999,06257099999"
amsterdam,2023-01-16,5,2.9,3.9,3.1,-1.7,0,2.9,93.6,14.875,100,75,rain,0.1,0,54.2,36.5,163.1,983.5,92.7,21.3,4.7,0.4,0,10,2023-01-16T08:42:36,2023-01-16T16:57:59,0.82,"Rain, Overcast",Cloudy skies throughout the day with a chance of rain or snow throughout the day.,snow,"06260099999,D3248,06249099999,06240099999,C0449,06269099999,06257099999"
amsterdam,2023-01-17,4.9,-0.2,2.2,1.6,-4.4,-1.4,-1.7,75.5,3.814,100,29.17,"rain,snow",0.1,0.1,55.2,32.7,258,986.7,30.5,39.7,29.3,2.6,3,10,2023-01-17T08:41:39,2023-01-17T16:59:37,0.85,"Snow, Rain, Partially cloudy",Partly cloudy throughout the day with rain or snow clearing later.,snow,"06260099999,D3248,E5029,06249099999,06240099999,C0449,06269099999,06257099999"
amsterdam,2023-01-18,5.3,-1.4,2.5,0.6,-5.3,-1.9,-0.6,79.9,1.124,100,16.67,rain,0,0,49.6,33.1,233.1,993.8,65.8,36.4,37.1,3.1,4,10,2023-01-18T08:40:39,2023-01-18T17:01:17,0.89,"Rain, Partially cloudy",Partly cloudy throughout the day with late afternoon rain.,rain,"06260099999,D3248,06249099999,06240099999,C0449,06269099999,06257099999"
amsterdam,2023-01-19,5.7,0.7,3.8,2.7,-3.4,0.2,0.3,78.5,5.815,100,37.5,"rain,snow",0,0,52.1,31.3,268.6,1003.6,72.7,32.2,35.7,3.1,2,10,2023-01-19T08:39:36,2023-01-19T17:02:58,0.92,"Snow, Rain, Partially cloudy",Partly cloudy throughout the day with rain or snow.,rain,"06260099999,D3248,06249099999,06240099999,C0449,06269099999,06257099999"
amsterdam,2023-01-20,2.2,0.3,1.1,-1.8,-4.2,-3,0.3,94.5,4.862,100,54.17,"rain,snow",0.5,0.1,34,17.8,138.6,1014.4,81.3,9,12.8,1.1,1,10,2023-01-20T08:38:31,2023-01-20T17:04:41,0.95,"Snow, Rain, Partially cloudy",Partly cloudy throughout the day with a chance of rain or snow throughout the day.,snow,"06260099999,D3248,06249099999,06240099999,C0449,06269099999,06257099999"
amsterdam,2023-01-21,2.1,-2.8,-0.4,2.1,-4.9,-2.6,-1.2,94.4,0.672,100,4.17,snow,0,0,20.5,13.3,37.8,1032,50.7,4.9,41,3.6,3,10,2023-01-21T08:37:22,2023-01-21T17:06:25,0,"Snow, Partially cloudy",Partly cloudy throughout the day with morning snow.,rain,"06260099999,D3248,EHRD,06348099999,06249099999,06240099999,C0449,EHLE,EHKD,06269099999,06257099999,EHAM"
amsterdam,2023-01-22,2.6,-1.8,1.5,-0.1,-5.4,-2.2,-0.7,85.8,0,0,0,,0,0,31.7,20.6,26.1,1034.4,96.4,29,11,0.9,1,10,2023-01-22T08:36:11,2023-01-22T17:08:10,0.02,Overcast,Cloudy skies throughout the day.,cloudy,"06260099999,D3248,06249099999,06240099999,C0449,06257099999"
amsterdam,2023-01-23,4.5,2.4,3.2,2,-1,0.2,1.1,86.6,0,0,0,,0,0,26.6,16.6,57.4,1037.5,96.3,23.4,32.2,2.7,3,10,2023-01-23T08:34:58,2023-01-23T17:09:56,0.05,Overcast,Cloudy skies throughout the day.,cloudy,"06260099999,D3248,06249099999,06240099999,C0449,06269099999,06257099999"
amsterdam,2023-01-24,3.3,0.9,2.2,0.9,-2,-0.9,-0.1,85,0.015,100,4.17,rain,0,0,27.1,16.9,86.4,1039.1,100,18.1,11.3,1,1,10,2023-01-24T08:33:42,2023-01-24T17:11:43,0.09,"Rain, Overcast",Cloudy skies throughout the day with morning rain.,rain,"06260099999,D3248,06249099999,06240099999,C0449,06269099999,06257099999"
amsterdam,2023-01-25,0.8,-0.6,0.3,0.8,-4.9,-2.8,-0.8,92.3,0.677,100,8.33,"rain,snow",0,0,27.8,20.6,182.5,1032.7,100,4.5,8.5,0.8,1,10,2023-01-25T08:32:23,2023-01-25T17:13:31,0.12,"Snow, Rain, Overcast",Cloudy skies throughout the day with late afternoon rain or snow.,rain,"06260099999,D3248,06249099999,06240099999,C0449,06269099999,06257099999"
amsterdam,2023-01-26,7.5,0.5,4.6,4.6,-4,1.7,3,89.2,1.617,100,37.5,"rain,snow",0,0,38.6,27.1,357.4,1025.4,84.6,13.5,34.4,2.9,2,10,2023-01-26T08:31:02,2023-01-26T17:15:20,0.15,"Snow, Rain, Partially cloudy",Partly cloudy throughout the day with rain or snow clearing later.,rain,"06260099999,D3248,06249099999,06240099999,C0449,06269099999,06257099999"
amsterdam,2023-01-27,6,2.8,4.2,2.4,-1.2,0.1,0.9,79.3,0.015,100,4.17,rain,0,0,45.2,30.4,39.8,1028.3,94.6,40.8,29,2.5,2,10,2023-01-27T08:29:39,2023-01-27T17:17:09,0.19,"Rain, Overcast",Cloudy skies throughout the day with morning rain.,rain,"06260099999,D3248,06249099999,06240099999,C0449,06269099999,06257099999"
amsterdam,2023-01-28,5.6,1.7,3.6,4.1,-0.3,1.5,0,77.7,0,0,0,,0,0,17.8,14,278,1030.5,82.3,40.2,43.5,3.7,3,10,2023-01-28T08:28:13,2023-01-28T17:18:59,0.25,Partially cloudy,Partly cloudy throughout the day.,partly-cloudy-day,"06260099999,D3248,06249099999,06240099999,C0449,06269099999,06257099999,06344099999,EHAM"
amsterdam,2023-01-29,6.9,4.1,5,3,0,1.2,3,86.4,0.087,100,8.33,rain,0,0,39.7,28.1,216.8,1024.9,98.1,16,11.5,0.9,1,10,2023-01-29T08:26:45,2023-01-29T17:20:50,0.25,"Rain, Overcast",Cloudy skies throughout the day with rain.,rain,"06260099999,D3248,06249099999,06240099999,C0449,06275099999,06269099999,06257099999,06344099999,EHAM"
amsterdam,2023-01-30,8.3,4.9,7.1,3.8,1.2,2.9,3.9,80,0.889,100,29.17,rain,0,0,63.6,41.6,283.6,1018.7,68.6,16,38.3,3.4,3,10,2023-01-30T08:25:15,2023-01-30T17:22:42,0.29,"Rain, Partially cloudy",Partly cloudy throughout the day with a chance of rain throughout the day.,rain,"06260099999,D3248,06249099999,06240099999,C0449,06275099999,06269099999,06257099999,06344099999,EHAM"
amsterdam,2023-01-31,9.1,4.2,6.7,4.7,0.5,2.7,4.1,83.6,0.095,100,12.5,rain,0,0,59.6,44.1,256.1,1020.8,58.9,16.7,27.3,2.3,2,10,2023-01-31T08:23:42,2023-01-31T17:24:34,0.32,"Rain, Partially cloudy",Partly cloudy throughout the day with a chance of rain throughout the day.,rain,"06260099999,D3248,E5029,06249099999,06240099999,C0449,EHLE,06275099999,06269099999,06257099999,06344099999,EHAM"
amsterdam,2023-02-01,8.4,6.4,7.5,4.2,1.4,2.8,3.8,77.7,0.042,100,12.5,rain,0,0,63.6,45.3,268.9,1018.3,92.8,15.5,17.8,1.5,1,10,2023-02-01T08:22:08,2023-02-01T17:26:26,0.36,"Rain, Overcast",Cloudy skies throughout the day with rain in the morning and afternoon.,rain,"06260099999,D3248,EHRD,06348099999,06249099999,06240099999,C0449,EHLE,EHKD,06269099999,06257099999,EHAM"
amsterdam,2023-02-02,9.1,7,8.2,5.7,3.2,4.4,6.5,89.1,2.543,100,54.17,rain,0,0,53.7,33.6,267,1022.6,99.6,15,11.4,0.9,1,10,2023-02-02T08:20:31,2023-02-02T17:28:19,0.39,"Rain, Overcast",Cloudy skies throughout the day with a chance of rain throughout the day.,rain,"06260099999,D3248,EHRD,06249099999,06240099999,C0449,EHLE,EHKD,06269099999,06257099999,EHAM"
amsterdam,2023-02-03,9.7,7.8,8.9,6,4.9,5.4,6.4,84.4,0.053,100,8.33,rain,0,0,58.5,37.6,269.4,1026.3,99.2,19.9,14.2,1.2,1,10,2023-02-03T08:18:53,2023-02-03T17:30:12,0.42,"Rain, Overcast",Cloudy skies throughout the day with rain in the morning and afternoon.,rain,"06260099999,D3248,EHRD,06348099999,06249099999,06240099999,C0449,EHLE,EHKD,06269099999,06257099999,EHAM"
amsterdam,2023-02-04,8.8,5,7.2,8.8,3.7,6.5,6.2,93.4,0,0,0,rain,0,0,30.7,14.5,266.6,1035.8,99.3,12.1,36.9,3.3,2,10,2023-02-04T08:17:13,2023-02-04T17:32:05,0.46,Overcast,Cloudy skies throughout the day.,cloudy,"06260099999,D3248,EHRD,06249099999,06240099999,C0449,EHLE,EHKD,06269099999,06257099999,EHAM"
amsterdam,2023-02-05,8.3,3,6.8,5.8,0.9,3.5,4.2,83.9,1.445,100,16.67,rain,0,0,56.9,36.2,339.2,1039.7,91.9,14.2,31.5,2.7,2,10,2023-02-05T08:15:30,2023-02-05T17:33:58,0.5,"Rain, Overcast",Cloudy skies throughout the day with rain clearing later.,rain,"06260099999,D3248,EHRD,06249099999,06240099999,C0449,EHLE,EHKD,06269099999,06257099999,EHAM"
amsterdam,2023-02-06,8.2,-0.1,4.2,7.2,-1.7,2.8,2.7,90.5,0,0,0,,0,0,25.9,14.1,18.5,1042,57.6,13,65.3,5.5,4,10,2023-02-06T08:13:46,2023-02-06T17:35:52,0.52,Partially cloudy,Partly cloudy throughout the day.,partly-cloudy-day,"06260099999,D3248,EHRD,06348099999,06249099999,06240099999,C0449,EHLE,EHKD,06269099999,06257099999,EHAM"
amsterdam,2023-02-07,5.1,-1.5,1,3.4,-3.5,-0.5,-1,87.2,0.068,100,4.17,"rain,snow",0,0,17,13.4,132.8,1040,4.8,17.1,76.5,6.6,4,10,2023-02-07T08:12:00,2023-02-07T17:37:46,0.56,"Snow, Rain",Clear conditions throughout the day with morning rain or snow.,rain,"06260099999,D3248,06249099999,06240099999,C0449,06269099999,06257099999"
amsterdam,2023-02-08,6.3,-2.5,1,3.5,-6,-1.1,-3.7,72.7,0,0,0,,0,0,23.5,14.1,144.3,1036.4,50.9,28.2,77.1,6.5,4,10,2023-02-08T08:10:13,2023-02-08T17:39:40,0.59,Partially cloudy,Partly cloudy throughout the day.,partly-cloudy-day,"06260099999,D3248,06348099999,06249099999,06240099999,C0449,06269099999,06257099999"
amsterdam,2023-02-09,5.9,-0.8,2.2,3.6,-5,-1.2,-0.9,80.4,0,0,0,,0,0,25,17.7,204.2,1031.6,95.5,25.4,33.7,3,2,10,2023-02-09T08:08:24,2023-02-09T17:41:34,0.63,Overcast,Cloudy skies throughout the day.,cloudy,"06260099999,D3248,06348099999,06249099999,06240099999,C0449,06269099999,06257099999"
amsterdam,2023-02-10,8.1,0,4.6,4.4,-2.9,1,2.5,86.7,0,0,0,,0,0,42.3,27.8,225,1035,91.3,16.1,66.6,5.8,4,10,2023-02-10T08:06:33,2023-02-10T17:43:28,0.66,Overcast,Cloudy skies throughout the day.,cloudy,"06260099999,D3248,06249099999,06240099999,C0449,06269099999,06257099999"
amsterdam,2023-02-11,9.8,6.5,7.8,7,3.1,5.1,6.1,88.9,0,0,0,,0,0,38.3,21.7,261.7,1034.6,99.8,18.2,39.2,3.4,2,10,2023-02-11T08:04:40,2023-02-11T17:45:22,0.7,Overcast,Cloudy skies throughout the day.,cloudy,"06260099999,D3248,06348099999,06249099999,06240099999,C0449,06269099999,06235099999,06257099999"
amsterdam,2023-02-12,8.5,5.8,7.2,8.5,4.4,6.5,4.4,82.9,0,0,0,,0,0,16.6,7.2,224.3,1038.6,100,20.8,20.1,1.8,1,10,2023-02-12T08:02:47,2023-02-12T17:47:16,0.73,Overcast,Cloudy skies throughout the day.,cloudy,"06260099999,D3248,06249099999,06240099999,C0449,06269099999,06257099999"
amsterdam,2023-02-13,10.9,1.9,7.2,10.9,-0.6,6,4.6,83.4,0,0,0,,0,0,20.3,14.5,113.5,1036.3,56,11.1,64.5,5.6,4,10,2023-02-13T08:00:51,2023-02-13T17:49:09,0.75,Partially cloudy,Partly cloudy throughout the day.,partly-cloudy-day,"06260099999,D3248,06348099999,06249099999,06240099999,C0449,06269099999,06257099999,06344099999,EHAM"
amsterdam,2023-02-14,11.2,1.1,5.1,11.2,-1.4,4.3,3.4,90.1,0,0,0,,0,0,17.3,10.8,151.2,1032.5,9.1,6.1,85.5,7.4,4,10,2023-02-14T07:58:54,2023-02-14T17:51:03,0.8,Clear,Clear conditions throughout the day.,clear-day,"06260099999,D3248,06249099999,06240099999,C0449,06269099999,06257099999"
amsterdam,2023-02-15,10.3,0,5,10.3,-1.7,3.2,2.9,87.1,0,0,0,,0,0,21.6,16.9,172.6,1025.4,71.5,6.3,60.7,5.2,3,10,2023-02-15T07:56:56,2023-02-15T17:52:57,0.83,Partially cloudy,Partly cloudy throughout the day.,partly-cloudy-day,"06260099999,D3248,06249099999,06240099999,C0449,06269099999,06257099999"
amsterdam,2023-02-16,10.5,4.9,8,10.5,2.5,5.3,6.4,90,2.952,100,41.67,rain,0,0,36.8,27.1,207.8,1021,91.3,6.7,43.4,3.7,5,10,2023-02-16T07:54:57,2023-02-16T17:54:50,0.87,"Rain, Overcast",Cloudy skies throughout the day with rain.,rain,"06260099999,D3248,06249099999,06240099999,C0449,06269099999,06257099999"
amsterdam,2023-02-17,10.9,9.1,10,10.9,5.5,8.3,8.7,91.7,0.406,100,12.5,rain,0,0,72.2,45.3,239.3,1018.4,99.5,13.1,30,2.7,2,10,2023-02-17T07:52:56,2023-02-17T17:56:43,0.9,"Rain, Overcast",Cloudy skies throughout the day with rain clearing later.,rain,"06260099999,D3248,06249099999,06240099999,C0449,06269099999,06257099999"
amsterdam,2023-02-18,11.1,9.2,10,11.1,5.6,8.4,8.7,91.4,1.161,100,37.5,rain,0,0,63.4,41.6,244.8,1018.2,99.9,12.7,29.5,2.5,2,10,2023-02-18T07:50:54,2023-02-18T17:58:36,0.94,"Rain, Overcast",Cloudy skies throughout the day with a chance of rain throughout the day.,rain,"06260099999,D3248,06249099999,06240099999,C0449,06269099999,06257099999"
amsterdam,2023-02-19,9.5,5.7,7.8,6.6,2.2,5,6.5,91.6,1.6,100,41.67,rain,0,0,42.2,28.2,275.1,1022.3,100,22.7,20.2,1.7,1,10,2023-02-19T07:48:51,2023-02-19T18:00:29,0.97,"Rain, Overcast",Cloudy skies throughout the day with a chance of rain throughout the day.,rain,"06260099999,D3248,06249099999,06240099999,C0449,06269099999,06257099999"
amsterdam,2023-02-20,9.3,6.4,8.2,5.6,2.8,4.3,6.7,90,0.015,100,4.17,rain,0,0,60,41.2,235,1021.4,99.9,18.1,26,2.2,2,10,2023-02-20T07:46:47,2023-02-20T18:02:22,0,"Rain, Overcast",Cloudy skies throughout the day with morning rain.,rain,"06260099999,D3248,06249099999,06240099999,C0449,06269099999,06257099999"
amsterdam,2023-02-21,9.2,7.1,8.3,7.1,4.8,5.8,7.4,93.9,0,0,0,,0,0,38.9,27.8,235.7,1018.4,100,7,18.8,1.5,1,10,2023-02-21T07:44:42,2023-02-21T18:04:14,0.04,Overcast,Cloudy skies throughout the day.,cloudy,"06260099999,D3248,06348099999,06249099999,06240099999,C0449,06257099999"
amsterdam,2023-02-22,8.8,4.3,6.8,7.1,1.1,4.4,5.5,91.8,1.219,100,12.5,rain,0,0,24.5,16.9,175.8,1012.2,100,5.9,33,2.9,1,10,2023-02-22T07:42:35,2023-02-22T18:06:06,0.07,"Rain, Overcast",Cloudy skies throughout the day with late afternoon rain.,rain,"06260099999,D3248,06249099999,06240099999,C0449,06269099999,06257099999"
amsterdam,2023-02-23,8.8,2.9,6.7,7.1,0.1,4.8,5.2,90.7,0.292,100,29.17,rain,0,0,32.8,17.8,328.7,1015.3,92.7,8.8,24.6,2,2,10,2023-02-23T07:40:28,2023-02-23T18:07:58,0.1,"Rain, Overcast",Cloudy skies throughout the day with a chance of rain throughout the day.,rain,"06260099999,D3248,06249099999,06240099999,C0449,06269099999,06257099999"
amsterdam,2023-02-24,8.3,2.3,5.3,4.3,-0.5,1.5,2.4,81.5,3.184,100,54.17,rain,0,0,56.4,31.2,293.1,1009.4,93.4,22.5,26.3,2.1,1,10,2023-02-24T07:38:20,2023-02-24T18:09:50,0.14,"Rain, Overcast",Cloudy skies throughout the day with rain.,rain,"06260099999,D3248,06348099999,06249099999,06240099999,C0449,06269099999,06257099999"
amsterdam,2023-02-25,7,0.8,4.6,3.2,-1.7,0.8,-0.5,70.2,1.016,100,29.17,"rain,snow",0,0,43.6,28.6,352.5,1012.4,52.2,30.7,61,5.1,5,10,2023-02-25T07:36:10,2023-02-25T18:11:41,0.17,"Snow, Rain, Partially cloudy",Partly cloudy throughout the day with a chance of rain or snow throughout the day.,rain,"06260099999,D3248,06348099999,06249099999,06240099999,C0449,06269099999,06235099999,06257099999"
amsterdam,2023-02-26,6.3,0.3,3.2,2.2,-3.4,-0.7,-3,64.4,0.043,100,4.17,"rain,snow",0,0,42.4,25.7,36.8,1025.1,39,41.9,89.9,7.9,5,10,2023-02-26T07:34:00,2023-02-26T18:13:32,0.2,"Snow, Rain, Partially cloudy",Partly cloudy throughout the day with morning rain or snow.,rain,"06260099999,D3248,06348099999,06249099999,06240099999,C0449,06269099999,06235099999,06257099999"
amsterdam,2023-02-27,7.1,-1.7,3.1,3.3,-5,0.4,-1.5,73.2,0,0,0,,0,0,41.7,26.8,43,1030.6,42.3,39.1,109.9,9.6,6,10,2023-02-27T07:31:49,2023-02-27T18:15:23,0.25,Partially cloudy,Partly cloudy throughout the day.,partly-cloudy-day,"06260099999,D3248,06348099999,06249099999,06240099999,C0449,06269099999,06235099999,06257099999,06344099999"
amsterdam,2023-02-28,6.2,0.2,3,3.5,-2.4,0.9,-0.5,79.4,1.478,100,25,"rain,snow",0,0,29.5,14.6,63.2,1031.7,55,31,76.7,6.4,5,10,2023-02-28T07:29:38,2023-02-28T18:17:13,0.27,"Snow, Rain, Partially cloudy",Partly cloudy throughout the day with rain or snow.,rain,"06260099999,D3248,06348099999,06249099999,06240099999,C0449,06269099999,06235099999,06257099999,06344099999"
amsterdam,2023-03-01,6.8,-3.4,2.1,3.5,-5.7,-0.3,-1.4,79.9,0.326,100,4.17,snow,0,0,34.2,20.7,47.2,1028.8,3.2,18.7,106.7,9.2,5,10,2023-03-01T07:27:25,2023-03-01T18:19:03,0.3,Snow,Clear conditions throughout the day with morning snow.,rain,"06260099999,D3248,E5029,06348099999,06249099999,06240099999,C0449,06269099999,06235099999,06257099999,06344099999"
amsterdam,2023-03-02,6.9,1.3,3.6,3.3,-3.3,-0.6,1.5,86.6,0,0,0,,0,0,33.9,23.8,43.1,1025.1,29.2,11.4,92.8,8,5,10,2023-03-02T07:25:12,2023-03-02T18:20:53,0.33,Partially cloudy,Clearing in the afternoon.,partly-cloudy-day,"06260099999,C0449,06257099999,EHAM,D3248,EHRD,06348099999,06249099999,06240099999,EHLE,EHKD,06269099999,06235099999,06344099999"
amsterdam,2023-03-03,7.2,1.1,4.7,5.1,-0.9,2.3,1.5,81.4,0,0,0,,0,0,32.7,16.6,7.8,1026.3,79.3,19.7,70.6,6,5,10,2023-03-03T07:22:58,2023-03-03T18:22:42,0.37,Partially cloudy,Partly cloudy throughout the day.,partly-cloudy-day,"06260099999,06356099999,C0449,EHAM,06257099999,D3248,EHRD,06348099999,06249099999,06240099999,EHLE,EHKD,06269099999"
amsterdam,2023-03-04,7.5,3.5,5.9,4.2,1.3,3,2.5,78.6,0.466,100,12.5,rain,0,0,37.6,22.9,337.2,1025.5,98.7,28.6,54.5,4.7,2,10,2023-03-04T07:20:43,2023-03-04T18:24:32,0.4,"Rain, Overcast",Cloudy skies throughout the day with rain in the morning and afternoon.,rain,"06260099999,D3248,06348099999,06249099999,06240099999,C0449,06269099999,06235099999,06257099999,06344099999"
amsterdam,2023-03-05,6.2,2,3.8,3.9,-1,1.5,1.4,84.4,1.259,100,37.5,rain,0,0,27.3,16.4,283.1,1016.7,96,37.4,64.8,5.6,3,10,2023-03-05T07:18:28,2023-03-05T18:26:21,0.43,"Rain, Overcast",Cloudy skies throughout the day with a chance of rain throughout the day.,rain,"06260099999,D3248,E5029,06348099999,06249099999,06240099999,C0449,06269099999,06235099999,06257099999,06344099999"
amsterdam,2023-03-06,6.3,1.6,3.8,4,-2,0.6,1.5,85.5,3.38,100,45.83,"rain,snow",0,0,44.8,32.9,233.7,1004.3,97.3,28.3,73.8,6.5,5,10,2023-03-06T07:16:12,2023-03-06T18:28:09,0.46,"Snow, Rain, Overcast",Cloudy skies throughout the day with a chance of rain or snow throughout the day.,rain,"06260099999,D3248,06348099999,06249099999,06240099999,C0449,06269099999,06235099999,06257099999,06344099999"
amsterdam,2023-03-07,5.1,-0.1,2.8,1,-2.7,-0.9,0.9,87.2,3.638,100,62.5,"rain,snow",0,0,36.3,23.3,275.1,997.7,83.9,28.1,37.2,3.2,1,10,2023-03-07T07:13:56,2023-03-07T18:29:58,0.5,"Snow, Rain, Partially cloudy",Partly cloudy throughout the day with a chance of rain or snow throughout the day.,rain,"06260099999,D3248,E5029,06348099999,06249099999,06240099999,C0449,06269099999,06235099999,06257099999,06344099999"
amsterdam,2023-03-08,3.4,-1.6,1.1,0.2,-5.5,-2.2,-0.8,87.5,1.039,100,45.83,"rain,snow",0.4,0,33.2,22.3,87.6,995.3,93.3,21.5,62.4,5.3,3,10,2023-03-08T07:11:39,2023-03-08T18:31:46,0.53,"Snow, Rain, Overcast",Cloudy skies throughout the day with a chance of rain or snow throughout the day.,snow,"06260099999,06356099999,D3248,E5029,06348099999,06249099999,06240099999,C0449,06269099999,06235099999,06257099999,06344099999"
amsterdam,2023-03-09,2.7,0.7,1.7,-0.2,-4.3,-2.3,0.4,91.3,10.241,100,62.5,"rain,snow",0.4,0.7,38.3,24.6,72.5,994.8,99.3,11.7,29.8,2.5,1,10,2023-03-09T07:09:21,2023-03-09T18:33:34,0.57,"Snow, Rain, Overcast",Cloudy skies throughout the day with a chance of rain or snow throughout the day.,snow,"06260099999,D3248,06348099999,06249099999,06240099999,C0449,06269099999,06235099999,06257099999,06344099999"
amsterdam,2023-03-10,2.4,0.1,1.7,-1.3,-6.6,-3.5,0.5,92.5,13.678,100,75,"rain,snow",1.6,0.5,61.2,38,20.6,992.1,96.4,11.9,13.3,1.1,1,10,2023-03-10T07:07:04,2023-03-10T18:35:21,0.6,"Snow, Rain, Overcast",Cloudy skies throughout the day with a chance of rain or snow throughout the day.,snow,"06260099999,D3248,06348099999,06249099999,06240099999,C0449,06269099999,06235099999,06257099999,06344099999"
amsterdam,2023-03-11,6.4,-2.1,2.3,4.1,-4.2,0.2,-2.7,70.4,2.157,100,8.33,"rain,snow",0,1.5,47.1,20.2,266.4,1010.2,80.6,37.1,109.4,9.5,6,10,2023-03-11T07:04:45,2023-03-11T18:37:09,0.64,"Snow, Rain, Partially cloudy",Partly cloudy throughout the day with rain or snow clearing later.,rain,"06260099999,D3248,06348099999,06249099999,06240099999,C0449,06269099999,06235099999,06257099999,06344099999,EHAM"
amsterdam,2023-03-12,10.4,0.8,6.4,10.4,-2.3,3,3.9,84.3,0.265,100,25,rain,0,0.1,53.1,36.7,211.9,1006.9,98.3,20.1,44.9,3.9,2,10,2023-03-12T07:02:27,2023-03-12T18:38:56,0.67,"Rain, Overcast",Cloudy skies throughout the day with rain in the morning and afternoon.,rain,"06260099999,D3248,06348099999,06249099999,06240099999,C0449,06269099999,06235099999,06257099999,06344099999,EHAM"
amsterdam,2023-03-13,14.4,9.1,12.1,14.4,5.9,11.6,8.1,77.7,3.026,100,33.33,rain,0,0,95.4,67.5,222.5,993.5,69.5,16.9,72.1,6.2,5,10,2023-03-13T07:00:08,2023-03-13T18:40:43,0.71,"Rain, Partially cloudy",Partly cloudy throughout the day with a chance of rain throughout the day.,rain,"06260099999,D3248,06348099999,06249099999,06240099999,C0449,06269099999,06235099999,06257099999,06344099999,EHAM"
amsterdam,2023-03-14,11,3.1,7,11,-1.9,3.5,2.6,74.5,6.44,100,37.5,rain,0,0,63.7,34.9,281.2,997.4,87.3,24.3,93.6,8.2,6,10,2023-03-14T06:57:48,2023-03-14T18:42:30,0.74,"Rain, Partially cloudy",Partly cloudy throughout the day with a chance of rain throughout the day.,rain,"06260099999,D3248,06348099999,06249099999,06240099999,C0449,06269099999,06235099999,06257099999,06344099999,EHAM"
amsterdam,2023-03-15,8.2,1.2,4.7,6.2,-1.3,2.4,0,73.1,0.939,100,8.33,"rain,snow",0,0,36.4,18,222,1016.3,67.8,35.1,150,12.9,6,10,2023-03-15T06:55:29,2023-03-15T18:44:16,0.75,"Snow, Rain, Partially cloudy",Partly cloudy throughout the day with rain or snow clearing later.,rain,"06260099999,D3248,06348099999,06249099999,06240099999,C0449,06269099999,06235099999,06257099999,06344099999,EHAM"
amsterdam,2023-03-16,13.5,5.1,8.4,13.5,0.7,5.9,2.4,67.3,0.293,100,16.67,rain,0,0,49.1,33.4,166.1,1012,94.2,39.1,75.2,6.3,3,10,2023-03-16T06:53:09,2023-03-16T18:46:02,0.81,"Rain, Overcast",Cloudy skies throughout the day with rain in the morning and afternoon.,rain,"06260099999,D3248,06348099999,06249099999,06240099999,C0449,06269099999,06235099999,06257099999,06344099999,EHAM"
amsterdam,2023-03-17,14.6,8,11.2,14.6,5.4,10.1,5.9,70,0.049,100,4.17,rain,0,0,32.8,23.3,172.1,1006.4,94,35.4,93.6,8,4,10,2023-03-17T06:50:49,2023-03-17T18:47:48,0.85,"Rain, Overcast",Cloudy skies throughout the day with morning rain.,rain,"06260099999,D3248,06348099999,06249099999,06240099999,C0449,06269099999,06235099999,06257099999,06344099999,EHAM"
amsterdam,2023-03-18,15.5,8,11.7,15.5,6.9,11.4,9,84.3,1.908,100,25,rain,0,0,40.5,24.9,178.9,1008.9,85.7,22.1,105.8,9.1,6,10,2023-03-18T06:48:29,2023-03-18T18:49:34,0.88,"Rain, Partially cloudy",Partly cloudy throughout the day with rain.,rain,"06260099999,D3248,06348099999,06249099999,06240099999,C0449,06269099999,06235099999,06257099999,06344099999,EHAM"
amsterdam,2023-03-19,10.8,7.6,9,10.8,5.2,7.3,8.2,94.8,1.042,100,12.5,rain,0,0,40.1,19.2,230,1013.9,93.7,10.4,51.3,4.4,3,10,2023-03-19T06:46:08,2023-03-19T18:51:20,0.92,"Rain, Overcast",Cloudy skies throughout the day with rain clearing later.,rain,"06260099999,D3248,06348099999,06249099999,06240099999,C0449,06269099999,06235099999,06257099999,06344099999,EHAM"
amsterdam,2023-03-20,9.1,7,8.2,6.4,3.7,5,7.1,92.8,2.876,100,54.17,rain,0,0,38.7,27.4,215.8,1017.5,97.6,10.1,34.7,3,2,10,2023-03-20T06:43:48,2023-03-20T18:53:06,0.96,"Rain, Overcast",Cloudy skies throughout the day with rain.,rain,"06260099999,D3248,06348099999,06249099999,06240099999,C0449,06269099999,06235099999,06257099999,06344099999,EHAM"
amsterdam,2023-03-21,12,8.8,10.1,12,6,8.6,8.4,89.5,3.225,100,45.83,rain,0,0,45.7,27.9,206.6,1012,88.2,17.9,41.3,3.3,2,10,2023-03-21T06:41:27,2023-03-21T18:54:51,0,"Rain, Partially cloudy",Partly cloudy throughout the day with a chance of rain throughout the day.,rain,"06260099999,D3248,06356099999,06348099999,06249099999,06240099999,C0449,06269099999,06235099999,06257099999,06344099999,EHAM"
amsterdam,2023-03-22,11.6,9,10.4,11.6,6.1,9.2,8.6,88.6,3.288,100,41.67,rain,0,0,54.9,37.8,200.4,1004.5,96.9,20.4,31.2,2.7,1,10,2023-03-22T06:39:06,2023-03-22T18:56:36,0.02,"Rain, Overcast",Cloudy skies throughout the day with rain.,rain,"06260099999,D3248,06348099999,06249099999,06240099999,C0449,06269099999,06235099999,06257099999,06344099999,EHAM"
amsterdam,2023-03-23,14.3,10.8,12.4,14.3,10.8,12.4,8.8,79.1,8.12,100,41.67,rain,0,0,67,40.9,218.7,1000.7,89.4,22.3,104.6,9,7,10,2023-03-23T06:36:45,2023-03-23T18:58:22,0.06,"Rain, Partially cloudy",Partly cloudy throughout the day with a chance of rain throughout the day.,rain,"06260099999,D3248,06356099999,06348099999,06249099999,06240099999,C0449,06269099999,06235099999,06257099999,06344099999,EHAM"
amsterdam,2023-03-24,12.6,9.3,11.1,12.6,5.4,10.2,7.7,79.7,3.634,100,33.33,rain,0,0,61.6,43,228.5,999.2,66.7,22.5,92.5,8,6,10,2023-03-24T06:34:25,2023-03-24T19:00:07,0.09,"Rain, Partially cloudy",Partly cloudy throughout the day with a chance of rain throughout the day.,rain,"06260099999,D3248,06348099999,06249099999,06240099999,C0449,06269099999,06235099999,06257099999,06344099999,EHAM"
amsterdam,2023-03-25,11.8,7.1,9.3,11.8,3.9,6.3,6.3,81.6,4.724,100,29.17,rain,0,0,81.5,50.4,240.9,1001.7,90.5,17.2,73.5,6.4,4,10,2023-03-25T06:32:04,2023-03-25T19:01:51,0.12,"Rain, Overcast",Cloudy skies throughout the day with rain.,rain,"06260099999,D3248,06348099999,06249099999,06240099999,C0449,06269099999,06235099999,06257099999,06344099999,EHAM"
amsterdam,2023-03-26,8.8,4.7,7,6.7,1.4,4.3,3.8,81.3,0.943,100,12.5,rain,0,0,43.4,29.4,29.8,1005.7,95.6,18.7,91.2,7.7,6,10,2023-03-26T07:29:43,2023-03-26T20:03:36,0.15,"Rain, Overcast",Cloudy skies throughout the day with rain in the morning and afternoon.,rain,"06260099999,D3248,06348099999,06249099999,06240099999,C0449,06269099999,06235099999,06257099999,06344099999,EHAM"
amsterdam,2023-03-27,6.7,2.2,4.4,2.6,-1,0.8,0.2,74.9,1.096,100,25,"rain,snow",0,0,56.1,31.2,320.7,1020.9,54.5,31.3,85,7.3,5,10,2023-03-27T07:27:22,2023-03-27T20:05:21,0.18,"Snow, Rain, Partially cloudy",Partly cloudy throughout the day with rain or snow.,rain,"06260099999,D3248,E5029,06348099999,06249099999,06240099999,C0449,06269099999,06235099999,06257099999,06344099999,EHAM"
amsterdam,2023-03-28,8.1,-0.3,4.4,4.9,-2.8,1.3,0.2,75.6,0.096,100,12.5,"rain,snow",0,0,41.4,27,190.5,1023.6,78.4,32.4,101,8.6,5,10,2023-03-28T07:25:02,2023-03-28T20:07:06,0.22,"Snow, Rain, Partially cloudy",Partly cloudy throughout the day with rain or snow.,rain,"06260099999,D3248,06348099999,06249099999,06240099999,C0449,06269099999,06235099999,06257099999,06344099999,EHAM"
amsterdam,2023-03-29,13.1,5.5,9.6,13.1,1.7,8.3,7,83.7,0.154,100,4.17,rain,0,0,34.9,23.1,183.2,1012.4,98.7,29.6,64.5,5.3,3,10,2023-03-29T07:22:41,2023-03-29T20:08:50,0.25,"Rain, Overcast",Cloudy skies throughout the day with morning rain.,rain,"06260099999,D3248,06348099999,06249099999,06240099999,C0449,06269099999,06235099999,06257099999,06344099999,EHAM"
amsterdam,2023-03-30,13.8,10.6,12.5,13.8,10.6,12.5,8.9,78.8,0.014,100,4.17,rain,0,0,68.8,43.5,230.5,1004.5,71.5,20.4,128.1,11.1,6,10,2023-03-30T07:20:21,2023-03-30T20:10:35,0.28,"Rain, Partially cloudy",Partly cloudy throughout the day with morning rain.,rain,"06260099999,D3248,06356099999,06348099999,06249099999,06240099999,C0449,06269099999,06235099999,06257099999,06344099999,EHAM"
amsterdam,2023-03-31,11.9,10,10.6,11.9,7.1,10.4,9.4,92.1,9.023,100,79.17,rain,0,0,50.6,32.9,187.6,993.8,97.4,13.4,42.2,3.7,2,10,2023-03-31T07:18:01,2023-03-31T20:12:19,0.31,"Rain, Overcast",Cloudy skies throughout the day with a chance of rain throughout the day.,rain,"06260099999,D3248,06348099999,06249099999,06240099999,C0449,06269099999,06235099999,06257099999,06344099999,EHAM"
amsterdam,2023-04-01,11.5,7.3,9.5,11.5,3.2,7.4,8.8,95.4,7.163,100,58.33,rain,0,0,43.2,27.5,341.7,997.4,99.5,14.7,40.9,3.5,2,10,2023-04-01T07:15:41,2023-04-01T20:14:04,0.35,"Rain, Overcast",Cloudy skies throughout the day with a chance of rain throughout the day.,rain,"06260099999,D3248,06348099999,06249099999,06240099999,C0449,06269099999,06235099999,06257099999,06344099999,EHAM"
amsterdam,2023-04-02,9.7,2.7,6.2,6.6,-2.5,2.1,1.9,74.6,0.403,100,4.17,rain,0,0,49.2,30.8,41.9,1021.5,52.7,34.7,164.2,14,7,10,2023-04-02T07:13:22,2023-04-02T20:15:48,0.38,"Rain, Partially cloudy",Clearing in the afternoon with morning rain.,rain,"06260099999,D3248,06348099999,06249099999,06240099999,C0449,06269099999,06235099999,06257099999,06344099999,EHAM"
amsterdam,2023-04-03,9.7,1.2,5.7,6.8,-2.5,2.3,-1.9,60.8,0,0,0,,0,0,39.6,27.7,72.7,1031.5,11.1,38.5,184.3,15.7,7,10,2023-04-03T07:11:02,2023-04-03T20:17:33,0.41,Clear,Clear conditions throughout the day.,clear-day,"06260099999,D3248,E5029,06348099999,06249099999,06240099999,C0449,06269099999,06235099999,06257099999,06344099999,EHAM"
amsterdam,2023-04-04,9.2,-0.1,5.1,7.7,-2.7,3.3,-1.9,63.2,0,0,0,,0,0,30.4,14.2,57.3,1029,61.4,34.9,220.1,19.1,8,10,2023-04-04T07:08:44,2023-04-04T20:19:17,0.44,Partially cloudy,Partly cloudy throughout the day.,partly-cloudy-day,"06260099999,D3248,E5029,06348099999,06249099999,06240099999,C0449,06269099999,06235099999,06257099999,06344099999,EHAM"
amsterdam,2023-04-05,10.9,0.9,5.8,10.9,-1.4,4.9,-0.6,65.9,0,0,0,,0,0,28.1,12.9,92.4,1022.7,46.3,28.1,203.8,17.6,7,10,2023-04-05T07:06:25,2023-04-05T20:21:01,0.47,Partially cloudy,Partly cloudy throughout the day.,partly-cloudy-day,"06260099999,D3248,E5029,06348099999,06249099999,06240099999,C0449,06269099999,06235099999,06257099999,06344099999,EHAM"
amsterdam,2023-04-06,8.9,2.7,6.8,6.8,0.4,3.9,3.7,81.9,3.758,100,37.5,rain,0,0,42.8,27.9,163.2,1014.9,95,15.8,46,3.9,2,10,2023-04-06T07:04:07,2023-04-06T20:22:45,0.5,"Rain, Overcast",Cloudy skies throughout the day with rain.,rain,"06260099999,D3248,06348099999,06249099999,06240099999,C0449,06269099999,06235099999,06257099999,06344099999,EHAM"
amsterdam,2023-04-07,9.3,7.8,8.5,7.5,5.1,6.3,7.1,90.9,0.945,100,12.5,rain,0,0,31.5,19.2,302.2,1017.3,98.7,17.2,38,3.3,2,10,2023-04-07T07:01:49,2023-04-07T20:24:30,0.54,"Rain, Overcast",Cloudy skies throughout the day with a chance of rain throughout the day.,rain,"06260099999,D3248,06348099999,06249099999,06240099999,C0449,06269099999,06235099999,06257099999,06344099999,EHAM"
amsterdam,2023-04-08,12.6,3.2,8.3,12.6,2.2,7.6,5.1,82.3,0.004,100,4.17,rain,0,0,24.9,16.5,35.8,1024.9,36.3,15,201.9,17.4,7,10,2023-04-08T06:59:31,2023-04-08T20:26:14,0.58,"Rain, Partially cloudy",Partly cloudy throughout the day with morning rain.,rain,"06260099999,D3248,E5029,06348099999,06249099999,06240099999,C0449,06269099999,06235099999,06257099999,06344099999,EHAM"
amsterdam,2023-04-09,14.4,8.3,10.4,14.4,5.9,9.5,6.4,77.6,0,0,0,,0,0,26.9,15.6,116.4,1024.2,90.8,15.9,164.6,14.3,7,10,2023-04-09T06:57:15,2023-04-09T20:27:58,0.62,Overcast,Cloudy skies throughout the day.,cloudy,"06260099999,D3248,E5029,06348099999,06249099999,06240099999,C0449,06269099999,06235099999,06257099999,06344099999,EHAM"
amsterdam,2023-04-10,14.1,8.2,10.6,14.1,5.8,9.7,6.3,75.1,5.411,100,20.83,rain,0,0,48.7,34.2,172.3,1014.2,95,28.7,58.3,4.9,3,10,2023-04-10T06:54:58,2023-04-10T20:29:43,0.65,"Rain, Overcast",Cloudy skies throughout the day with rain.,rain,"06260099999,D3248,E5029,06348099999,06249099999,06240099999,C0449,06269099999,06235099999,06257099999,06344099999,EHAM"
amsterdam,2023-04-11,12.1,7.6,9.8,12.1,3.2,7.8,4.2,69.2,4.509,100,12.5,rain,0,0,74.8,41.1,248.3,1010,49.4,24.7,192.3,16.5,8,10,2023-04-11T06:52:42,2023-04-11T20:31:27,0.69,"Rain, Partially cloudy",Clearing in the afternoon with rain clearing later.,rain,"06260099999,06356099999,C0449,06257099999,EHAM,D3248,EHRD,06348099999,06249099999,06240099999,EHLE,EHKD,06269099999,06235099999,06344099999"
amsterdam,2023-04-12,11.5,8,9.4,11.5,3.9,7.5,5,75.4,4.782,100,41.67,rain,0,0,54.7,36.6,199.5,998.1,83.2,24.8,142.4,12.3,7,10,2023-04-12T06:50:27,2023-04-12T20:33:11,0.72,"Rain, Partially cloudy",Partly cloudy throughout the day with a chance of rain throughout the day.,rain,"06260099999,D3248,E5029,06348099999,06249099999,06240099999,C0449,06269099999,06235099999,06257099999,06344099999,EHAM"
amsterdam,2023-04-13,11.5,5.8,8.4,11.5,1.5,5.8,4.2,75.9,3.513,100,41.67,rain,0,0,64.4,45.9,228,999.3,72.3,26.4,126.5,11,9,10,2023-04-13T06:48:12,2023-04-13T20:34:55,0.75,"Rain, Partially cloudy",Partly cloudy throughout the day with a chance of rain throughout the day.,rain,"06260099999,D3248,E5029,06348099999,06249099999,06240099999,C0449,06269099999,06235099999,06257099999,06344099999,EHAM"
amsterdam,2023-04-14,14.1,3.7,8.9,14.1,0.4,7.5,3.5,71,0.306,100,12.5,rain,0,0,34.2,21,142.9,1008.1,40.5,29.7,186.7,16.1,9,10,2023-04-14T06:45:58,2023-04-14T20:36:39,0.79,"Rain, Partially cloudy",Becoming cloudy in the afternoon with rain.,rain,"06260099999,D3248,06356099999,06348099999,06249099999,06240099999,C0449,06269099999,06235099999,06257099999,06344099999,EHAM"
amsterdam,2023-04-15,12.5,6.2,9.2,12.5,3.2,7.2,4.8,74.5,0.007,100,4.17,rain,0,0,49.1,28.3,24.7,1014.6,60.2,33.4,168.3,14.4,9,10,2023-04-15T06:43:45,2023-04-15T20:38:24,0.83,"Rain, Partially cloudy",Becoming cloudy in the afternoon with late afternoon rain.,rain,"06260099999,D3248,E5029,06348099999,06249099999,06240099999,C0449,06269099999,06235099999,06257099999,06344099999,EHAM"
amsterdam,2023-04-16,10.2,7.7,8.6,10.2,4.4,6.2,7.4,91.9,0.338,100,16.67,rain,0,0,34.3,21.1,345.7,1024.6,99.8,12.1,52.1,4.4,3,10,2023-04-16T06:41:32,2023-04-16T20:40:08,0.87,"Rain, Overcast",Cloudy skies throughout the day with a chance of rain throughout the day.,rain,"06260099999,D3248,06348099999,06249099999,06240099999,C0449,06269099999,06235099999,06257099999,06344099999,EHAM"
amsterdam,2023-04-17,14,7.2,9.7,14,4.7,8.2,7.4,86.7,0.027,100,4.17,rain,0,0,36,20.5,25.5,1027.4,63.1,11.1,158,13.5,7,10,2023-04-17T06:39:20,2023-04-17T20:41:52,0.9,"Rain, Partially cloudy",Partly cloudy throughout the day with morning rain.,rain,"06260099999,D3248,06348099999,06249099999,06240099999,C0449,06269099999,06235099999,06257099999,06344099999,EHAM"
amsterdam,2023-04-18,13.8,6.3,9.7,13.8,2.5,7.9,4.6,71.2,0,0,0,rain,0,0,46.4,30.7,60.1,1027.6,52.9,28.5,129.7,11.3,5,10,2023-04-18T06:37:09,2023-04-18T20:43:36,0.94,Partially cloudy,Partly cloudy throughout the day.,partly-cloudy-day,"06260099999,D3248,06348099999,06249099999,06240099999,C0449,06269099999,06235099999,06257099999,06344099999,EHAM"
amsterdam,2023-04-19,14.2,8.2,10.6,14.2,5,8.9,2.9,60.8,0,0,0,,0,0,52.4,35.4,56.9,1026.7,28,33.5,259,22.4,8,10,2023-04-19T06:34:59,2023-04-19T20:45:20,0.97,Partially cloudy,Partly cloudy throughout the day.,partly-cloudy-day,"06260099999,D3248,06348099999,06249099999,06240099999,C0449,06269099999,06235099999,06257099999,06344099999,EHAM"
amsterdam,2023-04-20,11.7,6.5,8.7,11.7,2.4,6.2,2.7,66.6,0.716,100,8.33,rain,0,0,50.4,32.7,51.5,1020.3,70.8,35.7,120,10.3,9,10,2023-04-20T06:32:49,2023-04-20T20:47:04,0,"Rain, Partially cloudy",Partly cloudy throughout the day with rain in the morning and afternoon.,rain,"06260099999,D3248,06348099999,06249099999,06240099999,C0449,06269099999,06235099999,06257099999,06344099999,EHAM"
amsterdam,2023-04-21,15.4,8,11,15.4,5.8,9.9,8.3,84.4,5.094,100,37.5,rain,0,0,34.9,20.4,79.5,1013,93.4,16.4,138.3,12.1,7,10,2023-04-21T06:30:41,2023-04-21T20:48:48,0.04,"Rain, Overcast",Cloudy skies throughout the day with a chance of rain throughout the day.,rain,"06260099999,D3248,06348099999,06249099999,06240099999,C0449,06269099999,06235099999,06257099999,06344099999,EHAM"
amsterdam,2023-04-22,13.9,5.5,9.1,13.9,4,8.2,7.5,90.6,3.726,100,33.33,rain,0,0,27.9,13.6,186.5,1007.1,80.6,11.9,107.6,9.2,7,10,2023-04-22T06:28:33,2023-04-22T20:50:32,0.07,"Rain, Partially cloudy",Partly cloudy throughout the day with a chance of rain throughout the day.,rain,"06260099999,D3248,06348099999,06249099999,06240099999,C0449,06269099999,06235099999,06257099999,06344099999,EHAM"
amsterdam,2023-04-23,16,6.8,11.1,16,5.4,10.4,8.9,87.1,5.802,100,33.33,rain,0,0,35.6,24.6,164,1003.4,92.6,15.8,114.7,9.9,6,10,2023-04-23T06:26:26,2023-04-23T20:52:16,0.1,"Rain, Overcast",Cloudy skies throughout the day with rain.,rain,"06260099999,06356099999,D3248,06348099999,06249099999,06240099999,C0449,06269099999,06235099999,06257099999,06344099999,EHAM"
amsterdam,2023-04-24,10.4,6.9,8.9,10.4,3.2,6,6.6,85.5,20.058,100,58.33,rain,0,0,54,37.3,285.5,1003.9,96.9,19.5,111.5,9.5,7,10,2023-04-24T06:24:21,2023-04-24T20:54:00,0.14,"Rain, Overcast",Cloudy skies throughout the day with a chance of rain throughout the day.,rain,"06260099999,D3248,06348099999,06249099999,06240099999,C0449,06269099999,06235099999,06257099999,06344099999,EHAM"
amsterdam,2023-04-25,9.3,4.9,6.7,5.9,0.8,3.9,2,72.8,0.593,100,20.83,rain,0,0,48.4,32.4,321.4,1014.9,74.2,28.2,178.4,15.4,9,10,2023-04-25T06:22:16,2023-04-25T20:55:43,0.17,"Rain, Partially cloudy",Partly cloudy throughout the day with a chance of rain throughout the day.,rain,"06260099999,D3248,06356099999,06348099999,06249099999,06240099999,C0449,06269099999,06235099999,06257099999,06344099999,EHAM"
amsterdam,2023-04-26,9.7,2.1,6.2,8.1,1.4,4.7,1.1,71,0.072,100,4.17,rain,0,0,30.4,16.7,319.1,1019.6,78,36,114.2,9.7,5,10,2023-04-26T06:20:13,2023-04-26T20:57:26,0.2,"Rain, Partially cloudy",Partly cloudy throughout the day with morning rain.,rain,"06260099999,D3248,06348099999,06249099999,06240099999,C0449,06269099999,06235099999,06257099999,06344099999,EHAM"
amsterdam,2023-04-27,12.6,0.6,7.5,12.6,-1.6,6.8,1.1,67.1,0,0,0,,0,0,26.7,14.7,110.7,1019.9,65.7,31.7,234.4,20.1,9,10,2023-04-27T06:18:10,2023-04-27T20:59:10,0.25,Partially cloudy,Partly cloudy throughout the day.,partly-cloudy-day,"06260099999,D3248,06348099999,06249099999,06240099999,C0449,06269099999,06235099999,06257099999,06344099999,EHAM"
amsterdam,2023-04-28,12.5,7.9,10.1,12.5,5.6,8.8,7,82.4,0.231,100,25,rain,0,0,39.2,26.8,205.4,1011.4,97.9,20.1,44.1,4,2,10,2023-04-28T06:16:09,2023-04-28T21:00:53,0.26,"Rain, Overcast",Cloudy skies throughout the day with rain.,rain,"06260099999,D3248,06348099999,06249099999,06240099999,C0449,06269099999,06235099999,06257099999,06344099999,EHAM"
amsterdam,2023-04-29,14.8,8.3,11.2,14.8,6.4,10.2,6.3,73.5,0.116,100,4.17,rain,0,0,35.1,20.5,350.5,1019.3,53.6,22.7,260.6,22.5,8,10,2023-04-29T06:14:09,2023-04-29T21:02:35,0.3,"Rain, Partially cloudy",Partly cloudy throughout the day with morning rain.,rain,"06260099999,D3248,06348099999,06249099999,06240099999,C0449,06269099999,06235099999,06257099999,06344099999,EHAM"
amsterdam,2023-04-30,17,5.1,11.2,17,3.8,10.9,6.9,76.8,0,0,0,,0,0,23.1,13.9,82.7,1022.6,69.7,26,270,23.5,8,10,2023-04-30T06:12:10,2023-04-30T21:04:18,0.33,Partially cloudy,Partly cloudy throughout the day.,partly-cloudy-day,"06260099999,D3248,06348099999,06249099999,06240099999,C0449,06269099999,06235099999,06257099999,06344099999,EHAM"
amsterdam,2023-05-01,15.1,8,11.5,15.1,6.8,11.1,7.7,78.2,0,0,0,rain,0,0,31.1,20.1,324.7,1016.6,85.3,28.8,149.3,12.7,7,10,2023-05-01T06:10:13,2023-05-01T21:06:00,0.36,Partially cloudy,Partly cloudy throughout the day.,partly-cloudy-day,"06260099999,D3248,06348099999,06249099999,06240099999,C0449,06269099999,06235099999,06257099999,06344099999,EHAM"
amsterdam,2023-05-02,11.8,6.1,9.5,11.8,4.1,8,3.8,69,0.022,100,4.17,rain,0,0,35.6,23,353.8,1025.5,76.8,30.8,177,15.3,9,10,2023-05-02T06:08:17,2023-05-02T21:07:42,0.39,"Rain, Partially cloudy",Partly cloudy throughout the day with morning rain.,rain,"06260099999,D3248,06356099999,06348099999,06249099999,06240099999,C0449,06269099999,06235099999,06257099999,06344099999,EHAM"
amsterdam,2023-05-03,13.4,3.2,8.9,13.4,1.5,8.1,3.1,68.7,0,0,0,,0,0,34.3,20.9,58,1028.3,78.5,34.4,230,19.8,8,10,2023-05-03T06:06:22,2023-05-03T21:09:24,0.43,Partially cloudy,Partly cloudy throughout the day.,partly-cloudy-day,"06260099999,06356099999,C0449,06257099999,EHAM,D3248,06348099999,06249099999,06240099999,06330099999,06269099999,06235099999,06344099999"
amsterdam,2023-05-04,21.2,6.6,13.6,21.2,3.7,12.4,6.2,63.2,0,0,0,,0,0,35.6,23.1,74,1019.4,93.3,31.7,244.2,21.3,8,10,2023-05-04T06:04:29,2023-05-04T21:11:05,0.46,Overcast,Cloudy skies throughout the day.,cloudy,"06260099999,D3248,06348099999,06249099999,06240099999,C0449,06269099999,06235099999,06257099999,06344099999,EHAM"
amsterdam,2023-05-05,17,11.9,14.4,17,11.9,14.4,11,80.4,1.531,100,20.83,rain,0,0,27.5,17.5,218,1015.7,75,28.8,121.1,10.6,5,10,2023-05-05T06:02:37,2023-05-05T21:12:46,0.5,"Rain, Partially cloudy",Partly cloudy throughout the day with a chance of rain throughout the day.,rain,"06260099999,D3248,06348099999,06249099999,06240099999,C0449,06269099999,06235099999,06257099999,06344099999,EHAM"
amsterdam,2023-05-06,19.6,9.7,14.7,19.6,8.8,14.7,11.6,83.1,2.71,100,20.83,rain,0,0,25.1,13.4,151.1,1016.2,81.6,15,245.5,21,9,10,2023-05-06T06:00:47,2023-05-06T21:14:26,0.52,"Rain, Partially cloudy",Partly cloudy throughout the day with rain.,rain,"06260099999,06356099999,E5029,C0449,06257099999,EHAM,D3248,06348099999,06249099999,06240099999,06269099999,06235099999,06344099999"
amsterdam,2023-05-07,18.9,13.6,15.7,18.9,13.6,15.7,13.8,88.9,2.061,100,25,rain,0,0,25.5,14.7,102.4,1017.3,93.7,17.7,135.4,11.8,9,10,2023-05-07T05:58:58,2023-05-07T21:16:06,0.56,"Rain, Overcast",Cloudy skies throughout the day with rain.,rain,"06260099999,D3248,E5029,06348099999,06249099999,06240099999,C0449,06269099999,06235099999,06257099999,06344099999,EHAM"
amsterdam,2023-05-08,18,10.6,14.2,18,10.6,14.2,12.6,91.1,0.085,100,8.33,rain,0,0,25.6,17,251.1,1020.5,84.1,5.9,161.8,14,8,10,2023-05-08T05:57:11,2023-05-08T21:17:45,0.6,"Rain, Partially cloudy",Partly cloudy throughout the day with rain clearing later.,rain,"06260099999,06356099999,D3248,06348099999,06249099999,06240099999,C0449,06269099999,06235099999,06257099999,06344099999,EHAM"
amsterdam,2023-05-09,14.8,12.5,13.8,14.8,12.5,13.8,12.9,94.3,12.807,100,50,rain,0,0,32,20.6,186.3,1012.2,97.8,11.1,37.1,3,1,10,2023-05-09T05:55:26,2023-05-09T21:19:24,0.63,"Rain, Overcast",Cloudy skies throughout the day with rain.,rain,"06260099999,D3248,06356099999,06348099999,06249099999,06240099999,C0449,06269099999,06235099999,06257099999,06344099999,EHAM"
amsterdam,2023-05-10,14.2,10.8,12.6,14.2,10.8,12.6,11.3,92.1,2.458,100,8.33,rain,0,0,26.8,13.7,276.6,1010.8,98.9,15.1,112.5,9.7,4,10,2023-05-10T05:53:42,2023-05-10T21:21:02,0.67,"Rain, Overcast",Cloudy skies throughout the day with rain clearing later.,rain,"06260099999,D3248,06348099999,06249099999,06240099999,C0449,06269099999,06235099999,06257099999,06344099999,EHAM"
amsterdam,2023-05-11,15.6,11,13.3,15.6,11,13.3,11.6,89.8,2.865,100,37.5,rain,0,0,25,16.3,12.5,1015.3,96.7,18.8,155,13.5,8,10,2023-05-11T05:52:00,2023-05-11T21:22:40,0.7,"Rain, Overcast",Cloudy skies throughout the day with a chance of rain throughout the day.,rain,"06260099999,06356099999,D3248,06348099999,06249099999,06240099999,C0449,06269099999,06235099999,06257099999,06344099999,EHAM"
amsterdam,2023-05-12,20.5,11,15.3,20.5,11,15.3,11.9,81.3,2.665,100,20.83,rain,0,0,36,22.8,33.3,1018.4,90.5,20.8,183.3,15.8,7,10,2023-05-12T05:50:20,2023-05-12T21:24:16,0.75,"Rain, Overcast",Cloudy skies throughout the day with rain clearing later.,rain,"06356099999,06260099999,C0449,06257099999,EHAM,06267099999,D3248,06348099999,06249099999,06240099999,06330099999,06269099999,06235099999,06344099999"
amsterdam,2023-05-13,20.1,11.5,16,20.1,11.5,16,10.4,70,0.013,100,4.17,rain,0,0,36.4,23.7,21,1021.7,13.7,27.7,288.3,24.9,8,10,2023-05-13T05:48:42,2023-05-13T21:25:52,0.78,Rain,Clear conditions throughout the day with morning rain.,rain,"06260099999,D3248,E5029,06348099999,06249099999,06240099999,C0449,06269099999,06235099999,06257099999,06344099999,EHAM"
amsterdam,2023-05-14,18.5,9.3,13.4,18.5,8.4,13.4,10.5,83,0,0,0,,0,0,32.4,22.7,346.6,1018.8,82.7,20.2,244.1,20.9,8,10,2023-05-14T05:47:06,2023-05-14T21:27:27,0.81,Partially cloudy,Partly cloudy throughout the day.,partly-cloudy-day,"06260099999,D3248,E5029,06348099999,06249099999,06240099999,C0449,06269099999,06235099999,06257099999,06344099999,EHAM"
amsterdam,2023-05-15,13.8,8,10.6,13.8,6.4,10.1,9.1,90.8,0.185,100,8.33,rain,0,0,46.3,27.8,317.6,1015.9,94,12.5,81.6,7,6,10,2023-05-15T05:45:32,2023-05-15T21:29:02,0.85,"Rain, Overcast",Cloudy skies throughout the day with rain.,rain,"06260099999,E5029,C0449,06257099999,EHAM,D3248,EHRD,06348099999,06249099999,06240099999,EHLE,06275099999,06269099999,06235099999,06344099999"
amsterdam,2023-05-16,13.9,6.5,10.4,13.9,4.4,9.5,5.8,74.2,0.154,100,8.33,rain,0,0,42.8,26.8,316.1,1021.8,52.1,26.2,203.2,17.5,8,10,2023-05-16T05:44:00,2023-05-16T21:30:35,0.88,"Rain, Partially cloudy",Partly cloudy throughout the day with rain clearing later.,rain,"06260099999,06356099999,E5029,C0449,06257099999,EHAM,D3248,EHRD,06348099999,06249099999,06240099999,06330099999,EHLE,06275099999,06269099999,06235099999,06344099999"
amsterdam,2023-05-17,14.2,7.3,10.7,14.2,5.4,9.9,5.1,69.8,0,0,0,,0,0,35.6,20.7,352.4,1027.4,54.1,25.4,241.5,20.8,9,10,2023-05-17T05:42:30,2023-05-17T21:32:07,0.92,Partially cloudy,Partly cloudy throughout the day.,partly-cloudy-day,"06260099999,D3248,E5029,06348099999,06249099999,06240099999,C0449,06269099999,06235099999,06257099999,06344099999,EHAM"
amsterdam,2023-05-18,14.1,5.5,9.8,14.1,4.6,9.4,4,68.1,0,0,0,,0,0,33.8,17,53.1,1028.8,87.9,30.7,216.1,18.8,8,10,2023-05-18T05:41:02,2023-05-18T21:33:38,0.96,Partially cloudy,Partly cloudy throughout the day.,partly-cloudy-day,"06260099999,E5029,C0449,06257099999,EHAM,D3248,EHRD,06348099999,06249099999,06240099999,EHLE,EHKD,06269099999,06235099999,06344099999"
amsterdam,2023-05-19,18.1,6.7,13.1,18.1,5,12.6,6.8,68.8,0,0,0,,0,0,36,21.3,39.4,1026.5,62.6,28.8,263.8,22.7,8,10,2023-05-19T05:39:36,2023-05-19T21:35:08,0,Partially cloudy,Partly cloudy throughout the day.,partly-cloudy-day,"06260099999,D3248,06348099999,06249099999,06240099999,C0449,06269099999,06235099999,06257099999,06344099999,EHAM"
amsterdam,2023-05-20,19.2,10.8,15.1,19.2,10.8,15.1,8.8,67.3,0,0,0,rain,0,0,48,30.5,42.9,1023.5,42.5,32,213.5,18.5,8,10,2023-05-20T05:38:13,2023-05-20T21:36:37,0.02,Partially cloudy,Partly cloudy throughout the day.,partly-cloudy-day,"06260099999,D3248,06348099999,06249099999,06240099999,C0449,06269099999,06235099999,06257099999,06344099999,EHAM"
amsterdam,2023-05-21,19.7,13,16.1,19.7,13,16.1,11.9,76.5,0,0,0,,0,0,40.1,24.2,19,1018.4,77.9,31,220.5,18.9,8,10,2023-05-21T05:36:51,2023-05-21T21:38:04,0.06,Partially cloudy,Partly cloudy throughout the day.,partly-cloudy-day,"06260099999,D3248,06348099999,06249099999,06240099999,C0449,06269099999,06235099999,06257099999,06344099999,EHAM"
amsterdam,2023-05-22,21.8,12.3,16.6,21.8,12.3,16.6,13.6,83.7,0.009,100,4.17,rain,0,0,35.6,26.7,330.7,1016,33.6,17.6,282.8,24.6,9,10,2023-05-22T05:35:33,2023-05-22T21:39:30,0.09,"Rain, Partially cloudy",Clearing in the afternoon with early morning rain.,rain,"06260099999,D3248,06348099999,06249099999,06240099999,C0449,06269099999,06235099999,06257099999,06344099999,EHAM"
amsterdam,2023-05-23,14.7,8.8,12.8,14.7,7.3,12.7,7.9,73.4,0,0,0,,0,0,44.1,27.9,345.2,1022.9,83.7,20.9,244.2,21,10,10,2023-05-23T05:34:16,2023-05-23T21:40:55,0.12,Partially cloudy,Partly cloudy throughout the day.,partly-cloudy-day,"06260099999,06356099999,E5029,C0449,06257099999,EHAM,D3248,06348099999,06249099999,06240099999,06269099999,06235099999,06344099999"
amsterdam,2023-05-24,15.4,6.6,11.7,15.4,5.8,11.5,7.1,74.5,0,0,0,rain,0,0,28.5,17.5,356.9,1024.9,46.5,23,190.3,16.5,7,10,2023-05-24T05:33:02,2023-05-24T21:42:18,0.15,Partially cloudy,Becoming cloudy in the afternoon.,partly-cloudy-day,"06260099999,E5029,C0449,06257099999,EHAM,D3248,EHRD,06348099999,06249099999,06240099999,EHLE,06275099999,06269099999,06235099999,06344099999"
amsterdam,2023-05-25,16.7,8.4,12.5,16.7,7.6,12.3,8.2,76.6,0,0,0,rain,0,0,41,22,24.2,1028.4,48.8,18.9,231.6,20,9,10,2023-05-25T05:31:51,2023-05-25T21:43:40,0.19,Partially cloudy,Partly cloudy throughout the day.,partly-cloudy-day,"06260099999,06356099999,E5029,C0449,06257099999,EHAM,D3248,EHRD,06348099999,06249099999,06240099999,EHLE,06275099999,06269099999,06344099999"
amsterdam,2023-05-26,16.8,8.1,12.4,16.8,5.8,11.6,6.5,68.8,0,0,0,,0,0,45.5,27.8,38.7,1031,35.6,19,237.5,20.5,8,10,2023-05-26T05:30:42,2023-05-26T21:45:00,0.22,Partially cloudy,Clearing in the afternoon.,partly-cloudy-day,"06260099999,D3248,06348099999,06249099999,06240099999,C0449,06269099999,06235099999,06257099999,06344099999,EHAM"
amsterdam,2023-05-27,19.4,7.8,13.6,19.4,5.1,12.7,8.4,71.9,0.088,100,4.17,rain,0,0,27.7,17.9,54.3,1026.9,18.1,21.2,292.6,25.2,8,10,2023-05-27T05:29:36,2023-05-27T21:46:19,0.25,Rain,Clear conditions throughout the day with late afternoon rain.,rain,"06260099999,D3248,06348099999,06249099999,06240099999,C0449,06269099999,06235099999,06257099999,06344099999,EHAM"
amsterdam,2023-05-28,19.9,10.7,15.2,19.9,10.7,15.2,10.1,73.8,0,0,0,,0,0,43.2,28.1,28.1,1022.3,59.4,20.5,269.9,23.2,9,10,2023-05-28T05:28:32,2023-05-28T21:47:35,0.28,Partially cloudy,Partly cloudy throughout the day.,partly-cloudy-day,"06260099999,D3248,06348099999,06249099999,06240099999,C0449,06269099999,06235099999,06257099999,06344099999,EHAM"
amsterdam,2023-05-29,15.8,8.7,12.5,15.8,6.3,12.1,6.7,68.5,0,0,0,,0,0,42.5,27.7,30.8,1026.3,69.1,24.1,256.5,22.2,8,10,2023-05-29T05:27:31,2023-05-29T21:48:50,0.31,Partially cloudy,Partly cloudy throughout the day.,partly-cloudy-day,"06260099999,D3248,06348099999,06249099999,06240099999,C0449,06269099999,06235099999,06257099999,06344099999,EHAM"
amsterdam,2023-05-30,14.3,10.1,12.4,14.3,10.1,12.4,8.3,75.9,0,0,0,rain,0,0,38,20.2,28.2,1027.9,96.9,34.6,97.5,8.5,4,10,2023-05-30T05:26:33,2023-05-30T21:50:03,0.35,Overcast,Cloudy skies throughout the day.,cloudy,"06260099999,D3248,06348099999,06249099999,06240099999,C0449,06269099999,06235099999,06257099999,06344099999,EHAM"
amsterdam,2023-05-31,20.2,10.1,14.8,20.2,10.1,14.8,10.8,78.1,0,0,0,,0,0,36.4,24.9,34.1,1026.1,46.7,26,281.9,24.4,8,10,2023-05-31T05:25:38,2023-05-31T21:51:13,0.38,Partially cloudy,Partly cloudy throughout the day.,partly-cloudy-day,"06260099999,D3248,06348099999,06249099999,06240099999,C0449,06269099999,06235099999,06257099999,06344099999,EHAM"
amsterdam,2023-06-01,14.8,10.8,12.4,14.8,10.8,12.4,8.5,77.7,0,0,0,,0,0,38.7,23.3,17.9,1023.9,93.3,27.7,107.7,9.2,5,10,2023-06-01T05:24:46,2023-06-01T21:52:22,0.41,Overcast,Cloudy skies throughout the day.,cloudy,"06260099999,06356099999,C0449,06257099999,EHAM,D3248,EHRD,06348099999,06249099999,06240099999,EHLE,EHKD,06269099999,06235099999,06344099999"
amsterdam,2023-06-02,18.4,10.2,13.4,18.4,10.2,13.4,8.1,70.5,0,0,0,rain,0,0,35.6,19.2,16.9,1022.6,73.5,27.7,183.3,15.8,10,10,2023-06-02T05:23:56,2023-06-02T21:53:29,0.44,Partially cloudy,Partly cloudy throughout the day.,partly-cloudy-day,"06260099999,D3248,06348099999,06249099999,06240099999,C0449,06269099999,06235099999,06257099999,06344099999,EHAM"
amsterdam,2023-06-03,20.6,10.1,16.1,20.6,10.1,16.1,6.6,57.3,0,0,0,rain,0,0,42.3,26.1,45.5,1022.5,9.5,37.2,312.5,27.1,8,10,2023-06-03T05:23:09,2023-06-03T21:54:33,0.48,Clear,Clear conditions throughout the day.,clear-day,"06260099999,D3248,06348099999,06249099999,06240099999,C0449,06269099999,06235099999,06257099999,06344099999,EHAM"
amsterdam,2023-06-04,19.9,11.2,15.4,19.9,11.2,15.4,8.6,65.2,0,0,0,,0,0,36,22.5,33.2,1023.2,12.6,36.1,295.2,25.5,8,10,2023-06-04T05:22:26,2023-06-04T21:55:35,0.5,Clear,Clear conditions throughout the day.,clear-day,"06260099999,D3248,06348099999,06249099999,06240099999,C0449,06269099999,06235099999,06257099999,06344099999,EHAM"
amsterdam,2023-06-05,17.9,9.8,13.8,17.9,8,13.7,9.3,75.1,0,0,0,,0,0,34.4,19.6,23.7,1023.1,18.8,33.8,275.6,23.9,8,10,2023-06-05T05:21:45,2023-06-05T21:56:35,0.54,Clear,Clear conditions throughout the day.,clear-day,"06260099999,D3248,06356099999,06348099999,06249099999,06240099999,C0449,06269099999,06235099999,06257099999,06344099999,EHAM"
amsterdam,2023-06-06,19.4,9.7,14.5,19.4,8.2,14.4,10.1,75.6,0,0,0,,0,0,36.1,23.7,24.9,1021.9,24,28.3,296.4,25.6,8,10,2023-06-06T05:21:07,2023-06-06T21:57:32,0.58,Partially cloudy,Clearing in the afternoon.,partly-cloudy-day,"06260099999,06356099999,D3248,06348099999,06249099999,06240099999,C0449,06269099999,06235099999,06257099999,06344099999,EHAM"
amsterdam,2023-06-07,20.5,10.4,15,20.5,10.4,15,10.5,75.6,0,0,0,,0,0,34,21.1,32.5,1021.3,36.7,23.6,280.6,24.3,8,10,2023-06-07T05:20:33,2023-06-07T21:58:27,0.62,Partially cloudy,Clearing in the afternoon.,partly-cloudy-day,"06260099999,D3248,06348099999,06249099999,06240099999,C0449,06269099999,06235099999,06257099999,06344099999,EHAM"
amsterdam,2023-06-08,22.6,11.1,16.4,22.6,11.1,16.4,11.1,72.8,0,0,0,,0,0,39.2,26.9,38.2,1018.2,34.2,22.6,287.4,24.8,8,10,2023-06-08T05:20:01,2023-06-08T21:59:19,0.65,Partially cloudy,Clearing in the afternoon.,partly-cloudy-day,"06260099999,06356099999,C0449,06257099999,EHAM,06267099999,D3248,06348099999,06249099999,06240099999,06269099999,06235099999,06344099999"
amsterdam,2023-06-09,27.7,12,20.1,27.6,12,20.1,12.8,65.2,0,0,0,,0,0,37.4,26.5,53,1014.6,19.4,10,294,25.6,8,10,2023-06-09T05:19:33,2023-06-09T22:00:09,0.69,Clear,Clear conditions throughout the day.,clear-day,"D3248,EHRD,C0449,EHLE,EHKD,EHAM"
amsterdam,2023-06-10,27.8,17.7,22.9,27.5,17.7,22.8,11.7,51.1,0,0,0,,0,0,42.8,24.9,58.7,1015.2,11.1,10,292.9,25.3,8,10,2023-06-10T05:19:08,2023-06-10T22:00:56,0.75,Clear,Clear conditions throughout the day.,clear-day,"D3248,EHRD,C0449,EHLE,EHKD,EHAM"
amsterdam,2023-06-11,29.8,16.9,24.1,29.4,16.9,24,13.7,54.3,0,0,0,,0,0,35.3,22.2,94,1015,35.3,10,240.8,20.9,8,10,2023-06-11T05:18:46,2023-06-11T22:01:40,0.76,Partially cloudy,Partly cloudy throughout the day.,partly-cloudy-day,"D3248,E5029,EHRD,C0449,EHLE,EHKD,EHAM"
amsterdam,2023-06-12,28.7,18.8,24.3,27.7,18.8,24.1,10.6,43.2,0,0,0,,0,0,41.8,22,65.5,1015.1,77.7,10,290.3,24.9,9,10,2023-06-12T05:18:27,2023-06-12T22:02:21,0.79,Partially cloudy,Partly cloudy throughout the day.,partly-cloudy-day,"D3248,EHRD,C0449,EHLE,EHKD,EHAM"
amsterdam,2023-06-13,25.9,16.8,22.3,25.9,16.8,22.3,9.4,45.1,0,0,0,,0,0,55.4,27.5,57.8,1014.4,13.3,13.5,339.8,29.3,8,10,2023-06-13T05:18:11,2023-06-13T22:02:59,0.83,Clear,Clear conditions throughout the day.,clear-day,"D3248,EHRD,C0449,EHLE,EHKD,EHAM"
amsterdam,2023-06-14,25.8,15.2,21,25.8,15.2,21,9.2,48.4,0,0,0,,0,0,40,19.1,66.3,1017.3,17.2,24.1,347.9,30,9,10,2023-06-14T05:17:59,2023-06-14T22:03:35,0.87,Clear,Clear conditions throughout the day.,clear-day,
amsterdam,2023-06-15,25.7,15.6,20.5,25.7,15.6,20.5,10.4,55.2,0,0,0,,0,0,42.5,20.5,38.5,1020,11.6,24.1,347,29.8,9,10,2023-06-15T05:17:50,2023-06-15T22:04:08,0.9,Clear,Clear conditions throughout the day.,clear-day,
amsterdam,2023-06-16,24.5,14,18.8,24.5,14,18.8,11.6,67,0,0,0,,0,0,36.4,17.3,342.9,1019.5,15.8,24.1,350.5,30.2,9,10,2023-06-16T05:17:44,2023-06-16T22:04:37,0.94,Clear,Clear conditions throughout the day.,clear-day,
amsterdam,2023-06-17,25.3,12.5,19.1,25.3,12.5,19.1,9.8,58.4,0,0,0,,0,0,31,14.4,344.9,1017.7,1.7,24.1,350.1,30.1,9,10,2023-06-17T05:17:41,2023-06-17T22:05:04,0.97,Clear,Clear conditions throughout the day.,clear-day,
amsterdam,2023-06-18,26.4,12,19.2,26.4,12,19.2,7.9,50.8,0,4.8,0,,0,0,29.9,12.6,59.7,1015.7,80.7,24.1,319.9,27.8,8,10,2023-06-18T05:17:41,2023-06-18T22:05:27,0,Partially cloudy,Partly cloudy throughout the day.,partly-cloudy-day,
amsterdam,2023-06-19,27,15.2,21.1,27,15.2,21.1,12.6,60.3,0.8,42.9,4.17,rain,0,0,42.5,17.3,139.1,1009.7,82.1,24.1,216.9,18.8,5,10,2023-06-19T05:17:45,2023-06-19T22:05:48,0.04,Partially cloudy,Partly cloudy throughout the day.,partly-cloudy-day,
amsterdam,2023-06-20,26.3,15.4,20.5,26.3,15.4,20.5,12.5,62.6,1.8,42.9,4.17,rain,0,0,22.7,8.6,232.9,1013,95.9,24.1,266.3,23.1,7,10,2023-06-20T05:17:51,2023-06-20T22:06:05,0.07,Overcast,Cloudy skies throughout the day.,cloudy,
amsterdam,2023-06-21,26.1,15.1,20.4,26.1,15.1,20.4,12.5,63,0.9,23.8,4.17,rain,0,0,14.8,10.8,257.8,1018.3,72.4,24.1,255.6,22.2,5,10,2023-06-21T05:18:01,2023-06-21T22:06:19,0.11,Partially cloudy,Partly cloudy throughout the day.,partly-cloudy-day,
amsterdam,2023-06-22,30.4,14.7,22.2,29,14.7,21.9,10.3,48.8,0,28.6,0,,0,0,17.6,10.8,230.1,1021,33.4,24.1,334.2,29,8,10,2023-06-22T05:18:14,2023-06-22T22:06:29,0.14,Partially cloudy,Partly cloudy throughout the day.,partly-cloudy-day,
amsterdam,2023-06-23,29.5,17.4,22.9,28.5,17.4,22.7,11.9,51.7,0,28.6,0,,0,0,20.9,15.1,267.1,1020.7,43,24.1,331.2,28.5,8,10,2023-06-23T05:18:31,2023-06-23T22:06:37,0.17,Partially cloudy,Partly cloudy throughout the day.,partly-cloudy-day,
amsterdam,2023-06-24,25.4,14.1,19.7,25.4,14.1,19.7,11.3,61.3,0,19,0,,0,0,26.3,16.9,359.5,1022.9,33,24.1,345.9,29.9,8,10,2023-06-24T05:18:50,2023-06-24T22:06:41,0.2,Partially cloudy,Partly cloudy throughout the day.,partly-cloudy-day,
amsterdam,2023-06-25,17.9,11.4,15.1,17.9,11.4,15.1,11.3,78.7,1.1,19,20.83,rain,0,0,31.3,17.6,341.2,1021.5,58.4,24,158.1,13.9,4,10,2023-06-25T05:19:12,2023-06-25T22:06:42,0.24,Partially cloudy,Partly cloudy throughout the day.,partly-cloudy-day,
amsterdam,2023-06-26,22,14.6,18.4,22,14.6,18.4,12.5,70.4,0.5,19,16.67,rain,0,0,38.5,20.9,19.3,1017.4,76.1,24.1,248.5,22,6,10,2023-06-26T05:19:38,2023-06-26T22:06:40,0.25,Partially cloudy,Partly cloudy throughout the day.,partly-cloudy-day,
amsterdam,2023-06-27,25.3,13.1,19.1,25.3,13.1,19.1,9.9,59.6,0,19,0,,0,0,37.6,18.7,10.9,1015.1,17.7,24.1,347.2,30,8,10,2023-06-27T05:20:06,2023-06-27T22:06:35,0.3,Clear,Clear conditions throughout the day.,clear-day,
